{
    "name": "name",
    "InstancedStaticMeshes": [
        {
            "DisplayName": "InstancedMesh_1",
            "Mesh": "Game\\Content\\Level_2\\Prop\\Fence_1\\SM_Fence_1.drn",
            "ActorTransform": {
                "Location": [
                    0.0,
                    0.0,
                    0.0
                ],
                "Rotation": [
                    0.0,
                    0.0,
                    0.0,
                    1.0
                ],
                "Scale": [
                    1.0,
                    1.0,
                    1.0
                ]
            },
            "InstanceTransforms": [
                {
                    "Location": [
                        -5.539646148681641,
                        1.8315294880721922e-07,
                        -17.454833984375
                    ],
                    "Rotation": [
                        1.9551769092629456e-09,
                        0.43116357922554016,
                        -9.343072981948808e-10,
                        0.9022737741470337
                    ],
                    "Scale": [
                        1.0,
                        1.0,
                        1.0
                    ]
                },
                {
                    "Location": [
                        -11.556081771850586,
                        2.344997085401701e-07,
                        -21.322242736816406
                    ],
                    "Rotation": [
                        3.1505744679805048e-09,
                        0.47920358180999756,
                        -1.7201322588533685e-09,
                        0.8777037858963013
                    ],
                    "Scale": [
                        1.0,
                        1.0,
                        1.0
                    ]
                },
                {
                    "Location": [
                        -17.93943214416504,
                        3.1208918471747893e-07,
                        -24.367748260498047
                    ],
                    "Rotation": [
                        4.639122863636658e-09,
                        0.533571183681488,
                        -2.9267357426476792e-09,
                        0.8457551598548889
                    ],
                    "Scale": [
                        1.0,
                        1.0,
                        1.0
                    ]
                },
                {
                    "Location": [
                        -24.720029830932617,
                        4.256502563748654e-07,
                        -26.41977882385254
                    ],
                    "Rotation": [
                        6.436130739473356e-09,
                        0.5959619283676147,
                        -4.776622652968854e-09,
                        0.8030126690864563
                    ],
                    "Scale": [
                        1.0,
                        1.0,
                        1.0
                    ]
                },
                {
                    "Location": [
                        -31.842750549316406,
                        5.886155918233271e-07,
                        -27.184486389160156
                    ],
                    "Rotation": [
                        8.46135872478726e-09,
                        0.6683006882667542,
                        -7.601557605596554e-09,
                        0.743891179561615
                    ],
                    "Scale": [
                        1.0,
                        1.0,
                        1.0
                    ]
                },
                {
                    "Location": [
                        -38.90803909301758,
                        8.103708069029381e-07,
                        -26.312320709228516
                    ],
                    "Rotation": [
                        1.0316565379753229e-08,
                        0.7491708993911743,
                        -1.1668388921748374e-08,
                        0.6623768210411072
                    ],
                    "Scale": [
                        1.0,
                        1.0,
                        1.0
                    ]
                },
                {
                    "Location": [
                        -45.465728759765625,
                        1.0960660574710346e-06,
                        -23.611942291259766
                    ],
                    "Rotation": [
                        1.1207809791358159e-08,
                        0.8308935761451721,
                        -1.6736112939952363e-08,
                        0.5564313530921936
                    ],
                    "Scale": [
                        1.0,
                        1.0,
                        1.0
                    ]
                }
            ]
        },
        {
            "DisplayName": "InstancedMesh_2",
            "Mesh": "Game\\Content\\Level_2\\Prop\\Fence_1\\SM_Fence_1.drn",
            "ActorTransform": {
                "Location": [
                    0.0,
                    0.0,
                    0.0
                ],
                "Rotation": [
                    0.0,
                    0.0,
                    0.0,
                    1.0
                ],
                "Scale": [
                    1.0,
                    1.0,
                    1.0
                ]
            },
            "InstanceTransforms": [
                {
                    "Location": [
                        -51.002174377441406,
                        1.4370597227753024e-06,
                        -19.206958770751953
                    ],
                    "Rotation": [
                        1.0468110822614562e-08,
                        0.9007245898246765,
                        -2.1706000552512705e-08,
                        0.43439069390296936
                    ],
                    "Scale": [
                        1.0,
                        1.0,
                        1.0
                    ]
                },
                {
                    "Location": [
                        -55.22452163696289,
                        1.814073470995936e-06,
                        -13.535377502441406
                    ],
                    "Rotation": [
                        8.385846683722775e-09,
                        0.9492424130439758,
                        -2.530700982106282e-08,
                        0.3145453631877899
                    ],
                    "Scale": [
                        1.0,
                        1.0,
                        1.0
                    ]
                },
                {
                    "Location": [
                        -58.163246154785156,
                        2.2111180442152545e-06,
                        -7.049654483795166
                    ],
                    "Rotation": [
                        5.886061860138625e-09,
                        0.9774608612060547,
                        -2.7252207601691225e-08,
                        0.21111667156219482
                    ],
                    "Scale": [
                        1.0,
                        1.0,
                        1.0
                    ]
                },
                {
                    "Location": [
                        -60.0,
                        2.6226832687825663e-06,
                        0.0
                    ],
                    "Rotation": [
                        3.590097552574889e-09,
                        0.9918906092643738,
                        -2.8018353859238232e-08,
                        0.12709468603134155
                    ],